<?xml version="1.0"?>
<texture type="2D" miplevels="1" arraysize="1" format="R8G8B8_UNORM" width="64" height="64" depth="1">
    <properties>
        <property name="Usage" value="None"/>
        <property name="SourceSRGB" value="false"/>
        <property name="SourcePremultipliedAlpha" value="false"/>
        <property name="MaxFilter" value="MinMagMipPoint"/>
        <property name="AddressU" value="Wrap"/>
        <property name="AddressV" value="Wrap"/>
        <property name="AddressW" value="Clamp"/>
        <property name="BorderColor" value="1.000000 1.000000 1.000000 1.000000"/>
        <property name="GenerateMipmaps" value="true"/>
        <property name="MipmapResizeFilter" value="Lanczos3"/>
        <property name="NPOTMipmaps" value="false"/>
        <property name="EnableSRGB" value="false"/>
        <property name="EnablePremultipliedAlpha" value="true"/>
        <property name="EnableTextureCompression" value="true"/>
    </properties>
</texture>
