<?xml version="1.0"?>
<font type="Bitmap" character-height="9" use-texture-filtering="false" generate-mipmaps="false">
    <characters>
        <character codepoint="0" padding-x="0" padding-y="0" draw-offset-x="0" draw-offset-y="0" advance="5.000000" whitespace="true"/>
        <character codepoint="1" padding-x="0" padding-y="0" draw-offset-x="0" draw-offset-y="0" advance="5.000000" whitespace="true"/>
        <character codepoint="2" padding-x="0" padding-y="0" draw-offset-x="0" draw-offset-y="0" advance="5.000000" whitespace="true"/>
        <character codepoint="3" padding-x="0" padding-y="0" draw-offset-x="0" draw-offset-y="0" advance="5.000000" whitespace="true"/>
        <character codepoint="4" padding-x="0" padding-y="0" draw-offset-x="0" draw-offset-y="0" advance="5.000000" whitespace="true"/>
        <character codepoint="5" padding-x="0" padding-y="0" draw-offset-x="0" draw-offset-y="0" advance="5.000000" whitespace="true"/>
        <character codepoint="6" padding-x="0" padding-y="0" draw-offset-x="0" draw-offset-y="0" advance="5.000000" whitespace="true"/>
        <character codepoint="7" padding-x="0" padding-y="0" draw-offset-x="0" draw-offset-y="0" advance="5.000000" whitespace="true"/>
        <character codepoint="8" padding-x="0" padding-y="0" draw-offset-x="0" draw-offset-y="0" advance="5.000000" whitespace="true"/>
        <character codepoint="9" padding-x="0" padding-y="0" draw-offset-x="0" draw-offset-y="0" advance="5.000000" whitespace="true"/>
        <character codepoint="10" padding-x="0" padding-y="0" draw-offset-x="0" draw-offset-y="0" advance="5.000000" whitespace="true"/>
        <character codepoint="11" padding-x="0" padding-y="0" draw-offset-x="0" draw-offset-y="0" advance="5.000000" whitespace="true"/>
        <character codepoint="12" padding-x="0" padding-y="0" draw-offset-x="0" draw-offset-y="0" advance="5.000000" whitespace="true"/>
        <character codepoint="13" padding-x="0" padding-y="0" draw-offset-x="0" draw-offset-y="0" advance="5.000000" whitespace="true"/>
        <character codepoint="14" padding-x="0" padding-y="0" draw-offset-x="0" draw-offset-y="0" advance="5.000000" whitespace="true"/>
        <character codepoint="15" padding-x="0" padding-y="0" draw-offset-x="0" draw-offset-y="0" advance="5.000000" whitespace="true"/>
        <character codepoint="16" padding-x="0" padding-y="0" draw-offset-x="0" draw-offset-y="0" advance="5.000000" whitespace="true"/>
        <character codepoint="17" padding-x="0" padding-y="0" draw-offset-x="0" draw-offset-y="0" advance="5.000000" whitespace="true"/>
        <character codepoint="18" padding-x="0" padding-y="0" draw-offset-x="0" draw-offset-y="0" advance="5.000000" whitespace="true"/>
        <character codepoint="19" padding-x="0" padding-y="0" draw-offset-x="0" draw-offset-y="0" advance="5.000000" whitespace="true"/>
        <character codepoint="20" padding-x="0" padding-y="0" draw-offset-x="0" draw-offset-y="0" advance="5.000000" whitespace="true"/>
        <character codepoint="21" padding-x="0" padding-y="0" draw-offset-x="0" draw-offset-y="0" advance="5.000000" whitespace="true"/>
        <character codepoint="22" padding-x="0" padding-y="0" draw-offset-x="0" draw-offset-y="0" advance="5.000000" whitespace="true"/>
        <character codepoint="23" padding-x="0" padding-y="0" draw-offset-x="0" draw-offset-y="0" advance="5.000000" whitespace="true"/>
        <character codepoint="24" padding-x="0" padding-y="0" draw-offset-x="0" draw-offset-y="0" advance="5.000000" whitespace="true"/>
        <character codepoint="25" padding-x="0" padding-y="0" draw-offset-x="0" draw-offset-y="0" advance="5.000000" whitespace="true"/>
        <character codepoint="26" padding-x="0" padding-y="0" draw-offset-x="0" draw-offset-y="0" advance="5.000000" whitespace="true"/>
        <character codepoint="27" padding-x="0" padding-y="0" draw-offset-x="0" draw-offset-y="0" advance="5.000000" whitespace="true"/>
        <character codepoint="28" padding-x="0" padding-y="0" draw-offset-x="0" draw-offset-y="0" advance="5.000000" whitespace="true"/>
        <character codepoint="29" padding-x="0" padding-y="0" draw-offset-x="0" draw-offset-y="0" advance="5.000000" whitespace="true"/>
        <character codepoint="30" padding-x="0" padding-y="0" draw-offset-x="0" draw-offset-y="0" advance="5.000000" whitespace="true"/>
        <character codepoint="31" padding-x="0" padding-y="0" draw-offset-x="0" draw-offset-y="0" advance="5.000000" whitespace="true"/>
        <character codepoint="32" padding-x="0" padding-y="0" draw-offset-x="0" draw-offset-y="0" advance="5.000000" whitespace="true"/>
        <character codepoint="33" padding-x="0" padding-y="0" draw-offset-x="0" draw-offset-y="0" advance="5.000000" whitespace="false"/>
        <character codepoint="34" padding-x="0" padding-y="0" draw-offset-x="0" draw-offset-y="0" advance="5.000000" whitespace="false"/>
        <character codepoint="35" padding-x="0" padding-y="0" draw-offset-x="0" draw-offset-y="0" advance="5.000000" whitespace="false"/>
        <character codepoint="36" padding-x="0" padding-y="0" draw-offset-x="0" draw-offset-y="0" advance="5.000000" whitespace="false"/>
        <character codepoint="37" padding-x="0" padding-y="0" draw-offset-x="0" draw-offset-y="0" advance="5.000000" whitespace="false"/>
        <character codepoint="38" padding-x="0" padding-y="0" draw-offset-x="0" draw-offset-y="0" advance="5.000000" whitespace="false"/>
        <character codepoint="39" padding-x="0" padding-y="0" draw-offset-x="0" draw-offset-y="0" advance="5.000000" whitespace="false"/>
        <character codepoint="40" padding-x="0" padding-y="0" draw-offset-x="0" draw-offset-y="0" advance="5.000000" whitespace="false"/>
        <character codepoint="41" padding-x="0" padding-y="0" draw-offset-x="0" draw-offset-y="0" advance="5.000000" whitespace="false"/>
        <character codepoint="42" padding-x="0" padding-y="0" draw-offset-x="0" draw-offset-y="0" advance="5.000000" whitespace="false"/>
        <character codepoint="43" padding-x="0" padding-y="0" draw-offset-x="0" draw-offset-y="0" advance="5.000000" whitespace="false"/>
        <character codepoint="44" padding-x="0" padding-y="0" draw-offset-x="0" draw-offset-y="0" advance="5.000000" whitespace="false"/>
        <character codepoint="45" padding-x="0" padding-y="0" draw-offset-x="0" draw-offset-y="0" advance="5.000000" whitespace="false"/>
        <character codepoint="46" padding-x="0" padding-y="0" draw-offset-x="0" draw-offset-y="0" advance="5.000000" whitespace="false"/>
        <character codepoint="47" padding-x="0" padding-y="0" draw-offset-x="0" draw-offset-y="0" advance="5.000000" whitespace="false"/>
        <character codepoint="48" padding-x="0" padding-y="0" draw-offset-x="0" draw-offset-y="0" advance="5.000000" whitespace="false"/>
        <character codepoint="49" padding-x="0" padding-y="0" draw-offset-x="0" draw-offset-y="0" advance="5.000000" whitespace="false"/>
        <character codepoint="50" padding-x="0" padding-y="0" draw-offset-x="0" draw-offset-y="0" advance="5.000000" whitespace="false"/>
        <character codepoint="51" padding-x="0" padding-y="0" draw-offset-x="0" draw-offset-y="0" advance="5.000000" whitespace="false"/>
        <character codepoint="52" padding-x="0" padding-y="0" draw-offset-x="0" draw-offset-y="0" advance="5.000000" whitespace="false"/>
        <character codepoint="53" padding-x="0" padding-y="0" draw-offset-x="0" draw-offset-y="0" advance="5.000000" whitespace="false"/>
        <character codepoint="54" padding-x="0" padding-y="0" draw-offset-x="0" draw-offset-y="0" advance="5.000000" whitespace="false"/>
        <character codepoint="55" padding-x="0" padding-y="0" draw-offset-x="0" draw-offset-y="0" advance="5.000000" whitespace="false"/>
        <character codepoint="56" padding-x="0" padding-y="0" draw-offset-x="0" draw-offset-y="0" advance="5.000000" whitespace="false"/>
        <character codepoint="57" padding-x="0" padding-y="0" draw-offset-x="0" draw-offset-y="0" advance="5.000000" whitespace="false"/>
        <character codepoint="58" padding-x="0" padding-y="0" draw-offset-x="0" draw-offset-y="0" advance="5.000000" whitespace="false"/>
        <character codepoint="59" padding-x="0" padding-y="0" draw-offset-x="0" draw-offset-y="0" advance="5.000000" whitespace="false"/>
        <character codepoint="60" padding-x="0" padding-y="0" draw-offset-x="0" draw-offset-y="0" advance="5.000000" whitespace="false"/>
        <character codepoint="61" padding-x="0" padding-y="0" draw-offset-x="0" draw-offset-y="0" advance="5.000000" whitespace="false"/>
        <character codepoint="62" padding-x="0" padding-y="0" draw-offset-x="0" draw-offset-y="0" advance="5.000000" whitespace="false"/>
        <character codepoint="63" padding-x="0" padding-y="0" draw-offset-x="0" draw-offset-y="0" advance="5.000000" whitespace="false"/>
        <character codepoint="64" padding-x="0" padding-y="0" draw-offset-x="0" draw-offset-y="0" advance="5.000000" whitespace="false"/>
        <character codepoint="65" padding-x="0" padding-y="0" draw-offset-x="0" draw-offset-y="0" advance="5.000000" whitespace="false"/>
        <character codepoint="66" padding-x="0" padding-y="0" draw-offset-x="0" draw-offset-y="0" advance="5.000000" whitespace="false"/>
        <character codepoint="67" padding-x="0" padding-y="0" draw-offset-x="0" draw-offset-y="0" advance="5.000000" whitespace="false"/>
        <character codepoint="68" padding-x="0" padding-y="0" draw-offset-x="0" draw-offset-y="0" advance="5.000000" whitespace="false"/>
        <character codepoint="69" padding-x="0" padding-y="0" draw-offset-x="0" draw-offset-y="0" advance="5.000000" whitespace="false"/>
        <character codepoint="70" padding-x="0" padding-y="0" draw-offset-x="0" draw-offset-y="0" advance="5.000000" whitespace="false"/>
        <character codepoint="71" padding-x="0" padding-y="0" draw-offset-x="0" draw-offset-y="0" advance="5.000000" whitespace="false"/>
        <character codepoint="72" padding-x="0" padding-y="0" draw-offset-x="0" draw-offset-y="0" advance="5.000000" whitespace="false"/>
        <character codepoint="73" padding-x="0" padding-y="0" draw-offset-x="0" draw-offset-y="0" advance="5.000000" whitespace="false"/>
        <character codepoint="74" padding-x="0" padding-y="0" draw-offset-x="0" draw-offset-y="0" advance="5.000000" whitespace="false"/>
        <character codepoint="75" padding-x="0" padding-y="0" draw-offset-x="0" draw-offset-y="0" advance="5.000000" whitespace="false"/>
        <character codepoint="76" padding-x="0" padding-y="0" draw-offset-x="0" draw-offset-y="0" advance="5.000000" whitespace="false"/>
        <character codepoint="77" padding-x="0" padding-y="0" draw-offset-x="0" draw-offset-y="0" advance="5.000000" whitespace="false"/>
        <character codepoint="78" padding-x="0" padding-y="0" draw-offset-x="0" draw-offset-y="0" advance="5.000000" whitespace="false"/>
        <character codepoint="79" padding-x="0" padding-y="0" draw-offset-x="0" draw-offset-y="0" advance="5.000000" whitespace="false"/>
        <character codepoint="80" padding-x="0" padding-y="0" draw-offset-x="0" draw-offset-y="0" advance="5.000000" whitespace="false"/>
        <character codepoint="81" padding-x="0" padding-y="0" draw-offset-x="0" draw-offset-y="0" advance="5.000000" whitespace="false"/>
        <character codepoint="82" padding-x="0" padding-y="0" draw-offset-x="0" draw-offset-y="0" advance="5.000000" whitespace="false"/>
        <character codepoint="83" padding-x="0" padding-y="0" draw-offset-x="0" draw-offset-y="0" advance="5.000000" whitespace="false"/>
        <character codepoint="84" padding-x="0" padding-y="0" draw-offset-x="0" draw-offset-y="0" advance="5.000000" whitespace="false"/>
        <character codepoint="85" padding-x="0" padding-y="0" draw-offset-x="0" draw-offset-y="0" advance="5.000000" whitespace="false"/>
        <character codepoint="86" padding-x="0" padding-y="0" draw-offset-x="0" draw-offset-y="0" advance="5.000000" whitespace="false"/>
        <character codepoint="87" padding-x="0" padding-y="0" draw-offset-x="0" draw-offset-y="0" advance="5.000000" whitespace="false"/>
        <character codepoint="88" padding-x="0" padding-y="0" draw-offset-x="0" draw-offset-y="0" advance="5.000000" whitespace="false"/>
        <character codepoint="89" padding-x="0" padding-y="0" draw-offset-x="0" draw-offset-y="0" advance="5.000000" whitespace="false"/>
        <character codepoint="90" padding-x="0" padding-y="0" draw-offset-x="0" draw-offset-y="0" advance="5.000000" whitespace="false"/>
        <character codepoint="91" padding-x="0" padding-y="0" draw-offset-x="0" draw-offset-y="0" advance="5.000000" whitespace="false"/>
        <character codepoint="92" padding-x="0" padding-y="0" draw-offset-x="0" draw-offset-y="0" advance="5.000000" whitespace="false"/>
        <character codepoint="93" padding-x="0" padding-y="0" draw-offset-x="0" draw-offset-y="0" advance="5.000000" whitespace="false"/>
        <character codepoint="94" padding-x="0" padding-y="0" draw-offset-x="0" draw-offset-y="0" advance="5.000000" whitespace="false"/>
        <character codepoint="95" padding-x="0" padding-y="0" draw-offset-x="0" draw-offset-y="0" advance="5.000000" whitespace="false"/>
        <character codepoint="96" padding-x="0" padding-y="0" draw-offset-x="0" draw-offset-y="0" advance="5.000000" whitespace="true"/>
        <character codepoint="97" padding-x="0" padding-y="0" draw-offset-x="0" draw-offset-y="0" advance="5.000000" whitespace="false"/>
        <character codepoint="98" padding-x="0" padding-y="0" draw-offset-x="0" draw-offset-y="0" advance="5.000000" whitespace="false"/>
        <character codepoint="99" padding-x="0" padding-y="0" draw-offset-x="0" draw-offset-y="0" advance="5.000000" whitespace="false"/>
        <character codepoint="100" padding-x="0" padding-y="0" draw-offset-x="0" draw-offset-y="0" advance="5.000000" whitespace="false"/>
        <character codepoint="101" padding-x="0" padding-y="0" draw-offset-x="0" draw-offset-y="0" advance="5.000000" whitespace="false"/>
        <character codepoint="102" padding-x="0" padding-y="0" draw-offset-x="0" draw-offset-y="0" advance="5.000000" whitespace="false"/>
        <character codepoint="103" padding-x="0" padding-y="0" draw-offset-x="0" draw-offset-y="0" advance="5.000000" whitespace="false"/>
        <character codepoint="104" padding-x="0" padding-y="0" draw-offset-x="0" draw-offset-y="0" advance="5.000000" whitespace="false"/>
        <character codepoint="105" padding-x="0" padding-y="0" draw-offset-x="0" draw-offset-y="0" advance="5.000000" whitespace="false"/>
        <character codepoint="106" padding-x="0" padding-y="0" draw-offset-x="0" draw-offset-y="0" advance="5.000000" whitespace="false"/>
        <character codepoint="107" padding-x="0" padding-y="0" draw-offset-x="0" draw-offset-y="0" advance="5.000000" whitespace="false"/>
        <character codepoint="108" padding-x="0" padding-y="0" draw-offset-x="0" draw-offset-y="0" advance="5.000000" whitespace="false"/>
        <character codepoint="109" padding-x="0" padding-y="0" draw-offset-x="0" draw-offset-y="0" advance="5.000000" whitespace="false"/>
        <character codepoint="110" padding-x="0" padding-y="0" draw-offset-x="0" draw-offset-y="0" advance="5.000000" whitespace="false"/>
        <character codepoint="111" padding-x="0" padding-y="0" draw-offset-x="0" draw-offset-y="0" advance="5.000000" whitespace="false"/>
        <character codepoint="112" padding-x="0" padding-y="0" draw-offset-x="0" draw-offset-y="0" advance="5.000000" whitespace="false"/>
        <character codepoint="113" padding-x="0" padding-y="0" draw-offset-x="0" draw-offset-y="0" advance="5.000000" whitespace="false"/>
        <character codepoint="114" padding-x="0" padding-y="0" draw-offset-x="0" draw-offset-y="0" advance="5.000000" whitespace="false"/>
        <character codepoint="115" padding-x="0" padding-y="0" draw-offset-x="0" draw-offset-y="0" advance="5.000000" whitespace="false"/>
        <character codepoint="116" padding-x="0" padding-y="0" draw-offset-x="0" draw-offset-y="0" advance="5.000000" whitespace="false"/>
        <character codepoint="117" padding-x="0" padding-y="0" draw-offset-x="0" draw-offset-y="0" advance="5.000000" whitespace="false"/>
        <character codepoint="118" padding-x="0" padding-y="0" draw-offset-x="0" draw-offset-y="0" advance="5.000000" whitespace="false"/>
        <character codepoint="119" padding-x="0" padding-y="0" draw-offset-x="0" draw-offset-y="0" advance="5.000000" whitespace="false"/>
        <character codepoint="120" padding-x="0" padding-y="0" draw-offset-x="0" draw-offset-y="0" advance="5.000000" whitespace="false"/>
        <character codepoint="121" padding-x="0" padding-y="0" draw-offset-x="0" draw-offset-y="0" advance="5.000000" whitespace="false"/>
        <character codepoint="122" padding-x="0" padding-y="0" draw-offset-x="0" draw-offset-y="0" advance="5.000000" whitespace="false"/>
        <character codepoint="123" padding-x="0" padding-y="0" draw-offset-x="0" draw-offset-y="0" advance="5.000000" whitespace="false"/>
        <character codepoint="124" padding-x="0" padding-y="0" draw-offset-x="0" draw-offset-y="0" advance="5.000000" whitespace="false"/>
        <character codepoint="125" padding-x="0" padding-y="0" draw-offset-x="0" draw-offset-y="0" advance="5.000000" whitespace="false"/>
        <character codepoint="126" padding-x="0" padding-y="0" draw-offset-x="0" draw-offset-y="0" advance="5.000000" whitespace="false"/>
        <character codepoint="127" padding-x="0" padding-y="0" draw-offset-x="0" draw-offset-y="0" advance="5.000000" whitespace="true"/>
        <character codepoint="128" padding-x="0" padding-y="0" draw-offset-x="0" draw-offset-y="0" advance="5.000000" whitespace="true"/>
        <character codepoint="129" padding-x="0" padding-y="0" draw-offset-x="0" draw-offset-y="0" advance="5.000000" whitespace="true"/>
        <character codepoint="130" padding-x="0" padding-y="0" draw-offset-x="0" draw-offset-y="0" advance="5.000000" whitespace="true"/>
        <character codepoint="131" padding-x="0" padding-y="0" draw-offset-x="0" draw-offset-y="0" advance="5.000000" whitespace="true"/>
        <character codepoint="132" padding-x="0" padding-y="0" draw-offset-x="0" draw-offset-y="0" advance="5.000000" whitespace="true"/>
        <character codepoint="133" padding-x="0" padding-y="0" draw-offset-x="0" draw-offset-y="0" advance="5.000000" whitespace="true"/>
        <character codepoint="134" padding-x="0" padding-y="0" draw-offset-x="0" draw-offset-y="0" advance="5.000000" whitespace="true"/>
        <character codepoint="135" padding-x="0" padding-y="0" draw-offset-x="0" draw-offset-y="0" advance="5.000000" whitespace="true"/>
        <character codepoint="136" padding-x="0" padding-y="0" draw-offset-x="0" draw-offset-y="0" advance="5.000000" whitespace="true"/>
        <character codepoint="137" padding-x="0" padding-y="0" draw-offset-x="0" draw-offset-y="0" advance="5.000000" whitespace="true"/>
        <character codepoint="138" padding-x="0" padding-y="0" draw-offset-x="0" draw-offset-y="0" advance="5.000000" whitespace="true"/>
        <character codepoint="139" padding-x="0" padding-y="0" draw-offset-x="0" draw-offset-y="0" advance="5.000000" whitespace="true"/>
        <character codepoint="140" padding-x="0" padding-y="0" draw-offset-x="0" draw-offset-y="0" advance="5.000000" whitespace="true"/>
        <character codepoint="141" padding-x="0" padding-y="0" draw-offset-x="0" draw-offset-y="0" advance="5.000000" whitespace="true"/>
        <character codepoint="142" padding-x="0" padding-y="0" draw-offset-x="0" draw-offset-y="0" advance="5.000000" whitespace="true"/>
        <character codepoint="143" padding-x="0" padding-y="0" draw-offset-x="0" draw-offset-y="0" advance="5.000000" whitespace="true"/>
        <character codepoint="144" padding-x="0" padding-y="0" draw-offset-x="0" draw-offset-y="0" advance="5.000000" whitespace="true"/>
        <character codepoint="145" padding-x="0" padding-y="0" draw-offset-x="0" draw-offset-y="0" advance="5.000000" whitespace="true"/>
        <character codepoint="146" padding-x="0" padding-y="0" draw-offset-x="0" draw-offset-y="0" advance="5.000000" whitespace="true"/>
        <character codepoint="147" padding-x="0" padding-y="0" draw-offset-x="0" draw-offset-y="0" advance="5.000000" whitespace="true"/>
        <character codepoint="148" padding-x="0" padding-y="0" draw-offset-x="0" draw-offset-y="0" advance="5.000000" whitespace="true"/>
        <character codepoint="149" padding-x="0" padding-y="0" draw-offset-x="0" draw-offset-y="0" advance="5.000000" whitespace="true"/>
        <character codepoint="150" padding-x="0" padding-y="0" draw-offset-x="0" draw-offset-y="0" advance="5.000000" whitespace="true"/>
        <character codepoint="151" padding-x="0" padding-y="0" draw-offset-x="0" draw-offset-y="0" advance="5.000000" whitespace="true"/>
        <character codepoint="152" padding-x="0" padding-y="0" draw-offset-x="0" draw-offset-y="0" advance="5.000000" whitespace="true"/>
        <character codepoint="153" padding-x="0" padding-y="0" draw-offset-x="0" draw-offset-y="0" advance="5.000000" whitespace="true"/>
        <character codepoint="154" padding-x="0" padding-y="0" draw-offset-x="0" draw-offset-y="0" advance="5.000000" whitespace="true"/>
        <character codepoint="155" padding-x="0" padding-y="0" draw-offset-x="0" draw-offset-y="0" advance="5.000000" whitespace="true"/>
        <character codepoint="156" padding-x="0" padding-y="0" draw-offset-x="0" draw-offset-y="0" advance="5.000000" whitespace="true"/>
        <character codepoint="157" padding-x="0" padding-y="0" draw-offset-x="0" draw-offset-y="0" advance="5.000000" whitespace="true"/>
        <character codepoint="158" padding-x="0" padding-y="0" draw-offset-x="0" draw-offset-y="0" advance="5.000000" whitespace="true"/>
        <character codepoint="159" padding-x="0" padding-y="0" draw-offset-x="0" draw-offset-y="0" advance="5.000000" whitespace="true"/>
        <character codepoint="160" padding-x="0" padding-y="0" draw-offset-x="0" draw-offset-y="0" advance="5.000000" whitespace="true"/>
        <character codepoint="161" padding-x="0" padding-y="0" draw-offset-x="0" draw-offset-y="0" advance="5.000000" whitespace="true"/>
        <character codepoint="162" padding-x="0" padding-y="0" draw-offset-x="0" draw-offset-y="0" advance="5.000000" whitespace="true"/>
        <character codepoint="163" padding-x="0" padding-y="0" draw-offset-x="0" draw-offset-y="0" advance="5.000000" whitespace="true"/>
        <character codepoint="164" padding-x="0" padding-y="0" draw-offset-x="0" draw-offset-y="0" advance="5.000000" whitespace="true"/>
        <character codepoint="165" padding-x="0" padding-y="0" draw-offset-x="0" draw-offset-y="0" advance="5.000000" whitespace="true"/>
        <character codepoint="166" padding-x="0" padding-y="0" draw-offset-x="0" draw-offset-y="0" advance="5.000000" whitespace="true"/>
        <character codepoint="167" padding-x="0" padding-y="0" draw-offset-x="0" draw-offset-y="0" advance="5.000000" whitespace="true"/>
        <character codepoint="168" padding-x="0" padding-y="0" draw-offset-x="0" draw-offset-y="0" advance="5.000000" whitespace="true"/>
        <character codepoint="169" padding-x="0" padding-y="0" draw-offset-x="0" draw-offset-y="0" advance="5.000000" whitespace="true"/>
        <character codepoint="170" padding-x="0" padding-y="0" draw-offset-x="0" draw-offset-y="0" advance="5.000000" whitespace="true"/>
        <character codepoint="171" padding-x="0" padding-y="0" draw-offset-x="0" draw-offset-y="0" advance="5.000000" whitespace="true"/>
        <character codepoint="172" padding-x="0" padding-y="0" draw-offset-x="0" draw-offset-y="0" advance="5.000000" whitespace="true"/>
        <character codepoint="173" padding-x="0" padding-y="0" draw-offset-x="0" draw-offset-y="0" advance="5.000000" whitespace="true"/>
        <character codepoint="174" padding-x="0" padding-y="0" draw-offset-x="0" draw-offset-y="0" advance="5.000000" whitespace="true"/>
        <character codepoint="175" padding-x="0" padding-y="0" draw-offset-x="0" draw-offset-y="0" advance="5.000000" whitespace="true"/>
        <character codepoint="176" padding-x="0" padding-y="0" draw-offset-x="0" draw-offset-y="0" advance="5.000000" whitespace="true"/>
        <character codepoint="177" padding-x="0" padding-y="0" draw-offset-x="0" draw-offset-y="0" advance="5.000000" whitespace="true"/>
        <character codepoint="178" padding-x="0" padding-y="0" draw-offset-x="0" draw-offset-y="0" advance="5.000000" whitespace="true"/>
        <character codepoint="179" padding-x="0" padding-y="0" draw-offset-x="0" draw-offset-y="0" advance="5.000000" whitespace="true"/>
        <character codepoint="180" padding-x="0" padding-y="0" draw-offset-x="0" draw-offset-y="0" advance="5.000000" whitespace="true"/>
        <character codepoint="181" padding-x="0" padding-y="0" draw-offset-x="0" draw-offset-y="0" advance="5.000000" whitespace="true"/>
        <character codepoint="182" padding-x="0" padding-y="0" draw-offset-x="0" draw-offset-y="0" advance="5.000000" whitespace="true"/>
        <character codepoint="183" padding-x="0" padding-y="0" draw-offset-x="0" draw-offset-y="0" advance="5.000000" whitespace="true"/>
        <character codepoint="184" padding-x="0" padding-y="0" draw-offset-x="0" draw-offset-y="0" advance="5.000000" whitespace="true"/>
        <character codepoint="185" padding-x="0" padding-y="0" draw-offset-x="0" draw-offset-y="0" advance="5.000000" whitespace="true"/>
        <character codepoint="186" padding-x="0" padding-y="0" draw-offset-x="0" draw-offset-y="0" advance="5.000000" whitespace="true"/>
        <character codepoint="187" padding-x="0" padding-y="0" draw-offset-x="0" draw-offset-y="0" advance="5.000000" whitespace="true"/>
        <character codepoint="188" padding-x="0" padding-y="0" draw-offset-x="0" draw-offset-y="0" advance="5.000000" whitespace="true"/>
        <character codepoint="189" padding-x="0" padding-y="0" draw-offset-x="0" draw-offset-y="0" advance="5.000000" whitespace="true"/>
        <character codepoint="190" padding-x="0" padding-y="0" draw-offset-x="0" draw-offset-y="0" advance="5.000000" whitespace="true"/>
        <character codepoint="191" padding-x="0" padding-y="0" draw-offset-x="0" draw-offset-y="0" advance="5.000000" whitespace="true"/>
        <character codepoint="192" padding-x="0" padding-y="0" draw-offset-x="0" draw-offset-y="0" advance="5.000000" whitespace="true"/>
        <character codepoint="193" padding-x="0" padding-y="0" draw-offset-x="0" draw-offset-y="0" advance="5.000000" whitespace="true"/>
        <character codepoint="194" padding-x="0" padding-y="0" draw-offset-x="0" draw-offset-y="0" advance="5.000000" whitespace="true"/>
        <character codepoint="195" padding-x="0" padding-y="0" draw-offset-x="0" draw-offset-y="0" advance="5.000000" whitespace="true"/>
        <character codepoint="196" padding-x="0" padding-y="0" draw-offset-x="0" draw-offset-y="0" advance="5.000000" whitespace="true"/>
        <character codepoint="197" padding-x="0" padding-y="0" draw-offset-x="0" draw-offset-y="0" advance="5.000000" whitespace="true"/>
        <character codepoint="198" padding-x="0" padding-y="0" draw-offset-x="0" draw-offset-y="0" advance="5.000000" whitespace="true"/>
        <character codepoint="199" padding-x="0" padding-y="0" draw-offset-x="0" draw-offset-y="0" advance="5.000000" whitespace="true"/>
        <character codepoint="200" padding-x="0" padding-y="0" draw-offset-x="0" draw-offset-y="0" advance="5.000000" whitespace="true"/>
        <character codepoint="201" padding-x="0" padding-y="0" draw-offset-x="0" draw-offset-y="0" advance="5.000000" whitespace="true"/>
        <character codepoint="202" padding-x="0" padding-y="0" draw-offset-x="0" draw-offset-y="0" advance="5.000000" whitespace="true"/>
        <character codepoint="203" padding-x="0" padding-y="0" draw-offset-x="0" draw-offset-y="0" advance="5.000000" whitespace="true"/>
        <character codepoint="204" padding-x="0" padding-y="0" draw-offset-x="0" draw-offset-y="0" advance="5.000000" whitespace="true"/>
        <character codepoint="205" padding-x="0" padding-y="0" draw-offset-x="0" draw-offset-y="0" advance="5.000000" whitespace="true"/>
        <character codepoint="206" padding-x="0" padding-y="0" draw-offset-x="0" draw-offset-y="0" advance="5.000000" whitespace="true"/>
        <character codepoint="207" padding-x="0" padding-y="0" draw-offset-x="0" draw-offset-y="0" advance="5.000000" whitespace="true"/>
        <character codepoint="208" padding-x="0" padding-y="0" draw-offset-x="0" draw-offset-y="0" advance="5.000000" whitespace="true"/>
        <character codepoint="209" padding-x="0" padding-y="0" draw-offset-x="0" draw-offset-y="0" advance="5.000000" whitespace="true"/>
        <character codepoint="210" padding-x="0" padding-y="0" draw-offset-x="0" draw-offset-y="0" advance="5.000000" whitespace="true"/>
        <character codepoint="211" padding-x="0" padding-y="0" draw-offset-x="0" draw-offset-y="0" advance="5.000000" whitespace="true"/>
        <character codepoint="212" padding-x="0" padding-y="0" draw-offset-x="0" draw-offset-y="0" advance="5.000000" whitespace="true"/>
        <character codepoint="213" padding-x="0" padding-y="0" draw-offset-x="0" draw-offset-y="0" advance="5.000000" whitespace="true"/>
        <character codepoint="214" padding-x="0" padding-y="0" draw-offset-x="0" draw-offset-y="0" advance="5.000000" whitespace="true"/>
        <character codepoint="215" padding-x="0" padding-y="0" draw-offset-x="0" draw-offset-y="0" advance="5.000000" whitespace="true"/>
        <character codepoint="216" padding-x="0" padding-y="0" draw-offset-x="0" draw-offset-y="0" advance="5.000000" whitespace="true"/>
        <character codepoint="217" padding-x="0" padding-y="0" draw-offset-x="0" draw-offset-y="0" advance="5.000000" whitespace="true"/>
        <character codepoint="218" padding-x="0" padding-y="0" draw-offset-x="0" draw-offset-y="0" advance="5.000000" whitespace="true"/>
        <character codepoint="219" padding-x="0" padding-y="0" draw-offset-x="0" draw-offset-y="0" advance="5.000000" whitespace="true"/>
        <character codepoint="220" padding-x="0" padding-y="0" draw-offset-x="0" draw-offset-y="0" advance="5.000000" whitespace="true"/>
        <character codepoint="221" padding-x="0" padding-y="0" draw-offset-x="0" draw-offset-y="0" advance="5.000000" whitespace="true"/>
        <character codepoint="222" padding-x="0" padding-y="0" draw-offset-x="0" draw-offset-y="0" advance="5.000000" whitespace="true"/>
        <character codepoint="223" padding-x="0" padding-y="0" draw-offset-x="0" draw-offset-y="0" advance="5.000000" whitespace="true"/>
        <character codepoint="224" padding-x="0" padding-y="0" draw-offset-x="0" draw-offset-y="0" advance="5.000000" whitespace="true"/>
        <character codepoint="225" padding-x="0" padding-y="0" draw-offset-x="0" draw-offset-y="0" advance="5.000000" whitespace="true"/>
        <character codepoint="226" padding-x="0" padding-y="0" draw-offset-x="0" draw-offset-y="0" advance="5.000000" whitespace="true"/>
        <character codepoint="227" padding-x="0" padding-y="0" draw-offset-x="0" draw-offset-y="0" advance="5.000000" whitespace="true"/>
        <character codepoint="228" padding-x="0" padding-y="0" draw-offset-x="0" draw-offset-y="0" advance="5.000000" whitespace="true"/>
        <character codepoint="229" padding-x="0" padding-y="0" draw-offset-x="0" draw-offset-y="0" advance="5.000000" whitespace="true"/>
        <character codepoint="230" padding-x="0" padding-y="0" draw-offset-x="0" draw-offset-y="0" advance="5.000000" whitespace="true"/>
        <character codepoint="231" padding-x="0" padding-y="0" draw-offset-x="0" draw-offset-y="0" advance="5.000000" whitespace="true"/>
        <character codepoint="232" padding-x="0" padding-y="0" draw-offset-x="0" draw-offset-y="0" advance="5.000000" whitespace="true"/>
        <character codepoint="233" padding-x="0" padding-y="0" draw-offset-x="0" draw-offset-y="0" advance="5.000000" whitespace="true"/>
        <character codepoint="234" padding-x="0" padding-y="0" draw-offset-x="0" draw-offset-y="0" advance="5.000000" whitespace="true"/>
        <character codepoint="235" padding-x="0" padding-y="0" draw-offset-x="0" draw-offset-y="0" advance="5.000000" whitespace="true"/>
        <character codepoint="236" padding-x="0" padding-y="0" draw-offset-x="0" draw-offset-y="0" advance="5.000000" whitespace="true"/>
        <character codepoint="237" padding-x="0" padding-y="0" draw-offset-x="0" draw-offset-y="0" advance="5.000000" whitespace="true"/>
        <character codepoint="238" padding-x="0" padding-y="0" draw-offset-x="0" draw-offset-y="0" advance="5.000000" whitespace="true"/>
        <character codepoint="239" padding-x="0" padding-y="0" draw-offset-x="0" draw-offset-y="0" advance="5.000000" whitespace="true"/>
        <character codepoint="240" padding-x="0" padding-y="0" draw-offset-x="0" draw-offset-y="0" advance="5.000000" whitespace="true"/>
        <character codepoint="241" padding-x="0" padding-y="0" draw-offset-x="0" draw-offset-y="0" advance="5.000000" whitespace="true"/>
        <character codepoint="242" padding-x="0" padding-y="0" draw-offset-x="0" draw-offset-y="0" advance="5.000000" whitespace="true"/>
        <character codepoint="243" padding-x="0" padding-y="0" draw-offset-x="0" draw-offset-y="0" advance="5.000000" whitespace="true"/>
        <character codepoint="244" padding-x="0" padding-y="0" draw-offset-x="0" draw-offset-y="0" advance="5.000000" whitespace="true"/>
        <character codepoint="245" padding-x="0" padding-y="0" draw-offset-x="0" draw-offset-y="0" advance="5.000000" whitespace="true"/>
        <character codepoint="246" padding-x="0" padding-y="0" draw-offset-x="0" draw-offset-y="0" advance="5.000000" whitespace="true"/>
        <character codepoint="247" padding-x="0" padding-y="0" draw-offset-x="0" draw-offset-y="0" advance="5.000000" whitespace="true"/>
        <character codepoint="248" padding-x="0" padding-y="0" draw-offset-x="0" draw-offset-y="0" advance="5.000000" whitespace="true"/>
        <character codepoint="249" padding-x="0" padding-y="0" draw-offset-x="0" draw-offset-y="0" advance="5.000000" whitespace="true"/>
        <character codepoint="250" padding-x="0" padding-y="0" draw-offset-x="0" draw-offset-y="0" advance="5.000000" whitespace="true"/>
        <character codepoint="251" padding-x="0" padding-y="0" draw-offset-x="0" draw-offset-y="0" advance="5.000000" whitespace="true"/>
        <character codepoint="252" padding-x="0" padding-y="0" draw-offset-x="0" draw-offset-y="0" advance="5.000000" whitespace="true"/>
        <character codepoint="253" padding-x="0" padding-y="0" draw-offset-x="0" draw-offset-y="0" advance="5.000000" whitespace="true"/>
        <character codepoint="254" padding-x="0" padding-y="0" draw-offset-x="0" draw-offset-y="0" advance="5.000000" whitespace="true"/>
        <character codepoint="255" padding-x="0" padding-y="0" draw-offset-x="0" draw-offset-y="0" advance="5.000000" whitespace="true"/>
    </characters>
</font>
